factor,ontology_layer,sample_entropy,reference_entropy,entropy_difference,total_variation_to_reference,sample_categories,reference_categories,coverage
Plan tactic,Attack,0.9884441727791319,0.9884496448123176,-5.47203318568279e-06,1.49251903410752e-05,2,2,1.0
Prepare tactic,Attack,0.9975589288937984,0.9975600309640145,-1.102070216085771e-06,0.0001094792921148835,6,6,1.0
Execute tactic,Attack,0.9965403355736355,0.996539264129102,1.0714445335402445e-06,8.274172807250235e-05,6,6,1.0
Inclusion route,Attack,0.16601078340615918,0.165871943206592,0.0001388401995671973,2.6117041905620447e-05,2,2,1.0
Signal decile,Attack,0.9991039770886287,0.9992878231224614,-0.00018384603383270193,0.0043158723030760834,10,10,1.0
