{
  "icc_profile": 0.02657760968602386,
  "icc_attack": 0.32615969338285716,
  "icc_opinion": 0.002058690802765357,
  "icc_residual": 0.6452040061283537,
  "n_profiles": 100,
  "n_attacks": 5,
  "n_opinions": 7,
  "n_obs": 3500,
  "method": "anova_components",
  "converged": true,
  "notes": []
}