{
  "n_nodes": 38,
  "n_edges": 151,
  "n_communities": 5,
  "modularity": 0.7426150733272762,
  "sbm_n_blocks": 5,
  "structural_balance_index": 0.9966216216216216,
  "triangle_balance_share": 0.9966216216216216,
  "signed_modularity": 0.764459248079919,
  "notes": []
}