{
  "n_nodes": 39,
  "n_edges": 151,
  "density": 0.203778677462888,
  "avg_clustering": 0.6244916207197788,
  "transitivity": 0.7661777394305436,
  "n_communities": 6,
  "modularity_score": 0.7426150733272762,
  "avg_degree": 7.743589743589744,
  "max_degree": 15,
  "avg_strength": 5.40064578518959,
  "max_strength": 7.181523644523531,
  "mean_abs_rho": 0.6974343894781257,
  "positive_edge_count": 112,
  "negative_edge_count": 39,
  "positive_edge_share": 0.7417218543046358,
  "negative_edge_share": 0.2582781456953642,
  "largest_community_size": 10,
  "within_community_edge_share": 0.7748344370860927,
  "between_community_edge_share": 0.2251655629139073,
  "within_family_edge_share": 0.9139072847682119,
  "between_family_edge_share": 0.08609271523178808,
  "mean_participation_coefficient": 0.09392250342702844,
  "mean_bridge_ratio": 0.0546341169496716,
  "ontology_group_assortativity": 0.6485901390918438,
  "ontology_family_assortativity": 0.26985307792449353,
  "feature_type_assortativity": 0.013007386103667072,
  "corr_threshold": 0.15,
  "n_features_total": 39,
  "note": "Spearman correlation network of profile features. Strength-based metrics use |rho|; path-based metrics use distance = 1 / |rho|. Participation and within-module z-score separate bridge-like nodes from community-local hubs."
}