model,cv_r2_mean,cv_r2_sd,rmse_mean,delta_r2_vs_context_baseline,delta_r2_vs_context
M0_context,0.2570415410745743,0.021647398574917084,13.937456214497951,0.0005751321635703577,0.0
M0b_context_baseline,0.2564664089110039,0.02210842957938622,13.942434104963297,0.0,-0.0005751321635703577
M1_profile_linear,0.25632240037531495,0.02406969578345045,13.943373203848807,-0.00014400853568896643,-0.0007191406992593241
M2_profile_boosted,0.2176894872255696,0.03740877377293139,14.29762562374258,-0.03877692168543431,-0.03935205384900467
