{
  "DoF": 21.0,
  "DoF Baseline": 84.0,
  "chi2": 0.0023691609118969836,
  "chi2 p-value": 1.0,
  "chi2 Baseline": 198.2781429433338,
  "CFI": 1.0,
  "GFI": 0.9999880513258964,
  "AGFI": 0.9999522053035856,
  "NFI": 0.9999880513258963,
  "TLI": 1.0,
  "RMSEA": 0.0,
  "AIC": 139.99995261678177,
  "BIC": 322.36186563594816,
  "LogLik": 2.3691609118969836e-05
}