outcome,role,beta,hc3_se,hc3_ci_low,hc3_ci_high,hc3_p,n_conditions,bh_fdr_q,permutation_p,effect_from_minus_0_9_to_plus_0_9
mean_pn_increment_effectivity,primary_h3_h4_mechanism,2.399072578809239,0.44521434960261735,1.4780765262360176,3.3200686313824606,1.7883771487931422e-05,35,3.5767542975862844e-05,0.0001999600079984003,4.3183306418566305
mean_ae_total_network,secondary_final_endpoint,2.6969165528195003,0.8427947983702662,0.9534626791492615,4.440370426489739,0.003978976808573421,35,0.003978976808573421,0.001999600079984003,4.854449795075101
