display_role,display_role_label,nodes,selected_visibility_sent_weight,selected_exposure_received_weight,mean_full_weighted_out_degree,mean_full_weighted_in_degree,mean_bridge_score,prompt_ready_nodes
bridge,bridge,12,34.29426312085463,37.756591726646526,176.24122407366198,9.794410756008427,0.675524034272474,12
context_position,context position,12,29.037473802116104,33.28758833601516,399.0772506765533,8.053954847966203,0.35010592117879785,12
high_exposure_receiver,high exposure receiver,13,62.20210565756204,71.62469343821036,213.44520642943297,29.742164952317466,0.30729700699678786,13
high_visibility_sender,high visibility sender,13,59.72000924491824,17.067450540926668,907.4977400041583,7.928593148026072,0.24865770062764694,13
peripheral,peripheral,10,0.0,25.51752778365229,0.34679711061881885,4.565369380364873,0.30945915043306804,10
