attack_label,n,ae_private_mean,ae_private_sd,pn_increment_effectivity_mean,ae_total_network_mean
Multi_Turn_Counter_Argument_Adaptation,180,47.294444444444444,25.890766936087378,23.1,70.39444444444445
Petition_Astroturf,180,36.15555555555556,16.845940850938568,19.466666666666665,55.62222222222222
Headline_And_Lede_Misframing,180,19.977777777777778,10.869441329280756,12.805555555555555,32.78333333333333
Personal_Safety_Fear_Appeal,180,19.511111111111113,10.28449442482116,12.527777777777779,32.03888888888889
