metric,n,mean,sd,min,p25,median,p75,max
ae_private,720,30.73472222222222,20.717019705507717,0.0,15.0,25.0,40.25,135.0
pn_increment_effectivity,720,16.975,11.06744161443325,-69.0,11.0,15.0,23.0,87.0
ae_total_network,720,47.709722222222226,27.19605598306399,-36.0,29.0,41.0,61.25,164.0
peer_private_attack_activation,720,30.33078347222222,13.422947099172566,-0.0,18.6594,27.4114,40.004825,124.0
