opinion_label,n,ae_private_mean,pn_increment_effectivity_mean,ae_total_network_mean
Trust_In_Mainstream_Journalism,240,32.50416666666667,18.983333333333334,51.4875
Defense_Spending_Increase_Support,240,30.579166666666666,16.341666666666665,46.920833333333334
Alliance_Commitment_Support,240,29.120833333333334,15.6,44.72083333333333
