source,outcome,n_conditions,alignment_min,alignment_max,alignment_sd,estimate,std_error,p_value,r_squared,interpretation
original_fixed_assignment_run_2,mean_pn_increment_effectivity,35,-0.2765583805093132,0.2891298968217217,0.14169648073704114,1.8818443135620242,1.9468167950713835,0.343785845610301,0.8551012967159966,Natural observed assignment; limited alignment range.
original_fixed_assignment_run_2,mean_ae_total_network,35,-0.2765583805093132,0.2891298968217217,0.14169648073704114,2.3999466178122626,3.30343037122155,0.47486095436777176,0.9661063050055665,Natural observed assignment; limited alignment range.
alignment_gradient_branch,mean_pn_increment_effectivity,35,-0.8917992087341087,0.9200840789656516,0.6055066391351386,2.399072578809239,0.37271199405668465,1.4395080547230126e-06,0.925358898058873,Counterfactual assignment; experimentally widened alignment range.
alignment_gradient_branch,mean_ae_total_network,35,-0.8917992087341087,0.9200840789656516,0.6055066391351386,2.6969165528195003,0.7125527561667435,0.0009583534982897324,0.9713618685838207,Counterfactual assignment; experimentally widened alignment range.
