alignment_level,target_alignment_z,n_conditions,mean_achieved_alignment_z,mean_pn_increment_effectivity,se_pn_increment_effectivity,mean_ae_total_network,se_ae_total_network
resilient_0_90,-0.9,5,-0.8814986141608647,13.344,1.381667832729705,42.782,5.227099960781312
resilient_0_60,-0.6,5,-0.5928988425066526,12.11,1.064227419304727,41.212,4.967851044465806
resilient_0_30,-0.3,5,-0.2953577290576,14.053999999999998,1.935196630836257,43.263999999999996,6.191176463322622
neutral_0_00,0.0,5,0.004925915771000445,14.424000000000001,0.5282859074402798,43.141999999999996,3.950062531150615
susceptible_0_30,0.3,5,0.3018737526069919,16.009999999999998,1.880034574150167,46.013999999999996,6.762909580942213
susceptible_0_60,0.6,5,0.6033590965447104,16.336,1.6404346984869589,45.938,5.52816009174843
susceptible_0_90,0.9,5,0.9066392418154819,17.81,2.237976764848107,47.684,6.22964252585973
