metric,family,grain,n,fallback_pair_count,pearson_r,spearman_rho,icc_a1,mae,rmse,bias,loa_lower,loa_upper,sign_agreement,interpretation
AE_private,delta,profile_id × opinion_leaf × attack_leaf,360,1,0.35047710294308726,0.3691825896530634,0.35106711497688786,16.447222222222223,24.25747307532258,0.15833333333333333,-47.45147179311381,47.768138459780474,0.9194444444444444,weak descriptive stability
BN_increment,delta,profile_id × opinion_leaf,90,2,0.5078446869980573,0.4702785689589885,0.5059816586520861,40.27777777777778,55.031607079729895,5.588888888888889,-102.3165249663756,113.49430274415337,0.7222222222222222,moderate descriptive stability
PN_increment_effectivity,delta,profile_id × opinion_leaf × attack_leaf,360,0,0.28466751564077214,0.3979995321548352,0.28345572817309556,8.344444444444445,12.579745625409124,-0.35,-25.031059547555333,24.33105954755533,0.9331476323119777,weak descriptive stability
AE_total_network,delta,profile_id × opinion_leaf × attack_leaf,360,0,0.8963828868218173,0.8650745775155443,0.8965654920447913,8.344444444444445,12.579745625409124,-0.35,-25.031059547555333,24.33105954755533,0.9805013927576601,strong descriptive stability
