provider_key,baseline_icc_vs_consensus,post_attack_icc_vs_consensus,delta_score_icc_vs_consensus,weighted_reliability
deepseek_v4_flash,0.6446781291500615,0.6698289996931588,0.024189319244946383,0.4462321493627222
gpt_oss_120b,0.731849429696187,0.6929341302334583,0.046485395369515466,0.4904229850997203
llama33_70b,0.7024110836433807,0.6166972044760326,0.012941023910474046,0.44401643734329577
nemotron3_nano_30b,0.5926955179124155,0.2725481481176394,0.00667306549371963,0.29063891050792484
qwen3_32b,0.7332219649122484,0.6217711058740718,0.026306676811084097,0.46043324919913475
