outcome,n_items,n_raters,ms_rows,ms_cols,ms_error,icc_a1,icc_ak
baseline_score,311.0,5.0,503534.3715091796,3401974.8794212225,56527.22522767349,0.5705780255211823,0.8691708889577946
post_score,311.0,5.0,439791.13908930606,8343654.563344051,71456.5314085676,0.42898902125473154,0.7897569176854752
delta_score,311.0,5.0,32388.156718182763,2495780.7964630225,27190.695495280568,0.02874083909741941,0.12888692230426332
abs_delta_score,311.0,5.0,27880.020367181824,2657537.6408360125,26668.89922310963,0.006848197531512909,0.03332803966179623
adversarial_effectivity,311.0,5.0,27880.020367181824,2657537.6408360125,26668.89922310963,0.006848197531512909,0.03332803966179623
