transform,n_items,n_raters,ms_rows,ms_cols,ms_error,icc_a1,icc_ak,mean_pairwise_pearson,mean_pairwise_spearman,mean_pairwise_kendall,median_pairwise_spearman,mean_pairwise_mae
raw_mean_pb,311.0,5.0,463565.7161196971,5248869.522266881,57194.20444430038,0.5238028908084108,0.846150384404065,0.588632672157843,0.50872042916477,0.3628316687389586,0.5468641285732088,292.9450160771704
raw_ae,311.0,5.0,27880.020367181824,2657537.6408360125,26668.89922310963,0.006848197531512909,0.03332803966179623,0.1200195956263711,0.12095821701405814,0.093277826873332,0.0651025235823945,102.03536977491962
percentile_mean_pb,311.0,5.0,0.2536837414965759,9.583427403270886e-31,0.04106315438052451,0.5095440321446874,0.838568948244371,0.50872042916477,0.50872042916477,0.3628316687389586,0.5468641285732088,0.21526142202830822
percentile_ae,311.0,5.0,0.11941132642575869,0.0,0.0707219301542748,0.12137089653641271,0.4085231828489297,0.12095821701405811,0.12095821701405814,0.093277826873332,0.0651025235823945,0.29787429823926553
