metric,n,mean,sd,min,p25,median,p75,max
ae_private,3500,29.421142857142858,16.16643114100124,0.0,17.0,27.0,38.0,150.0
pn_increment_effectivity,3500,12.704571428571429,14.732980756085432,-50.0,8.0,14.0,19.0,131.0
ae_total_network,3500,42.12571428571429,23.708025679770405,-40.0,28.0,41.0,55.0,188.0
peer_private_attack_activation,3500,29.157128457142854,8.933316582391777,9.8873,20.3969,31.0,36.074299999999994,72.0
