exposure_display_role,n,mean_private_attack_effect,mean_post_network_increment,mean_total_network_effect,mean_incoming_exposure,mean_outgoing_visibility,mean_bridge_score
peripheral,560,29.70357142857143,14.475,44.17857142857143,4.40147112666173,3.762681082238931,0.28170644318652566
bridge,700,29.47142857142857,13.232857142857142,42.70428571428572,9.632259168256446,124.70763964639102,0.6868812946431115
context_position,700,28.88714285714286,13.712857142857143,42.6,9.31035504508336,302.2257802757922,0.3228986948342253
high_visibility_sender,770,29.503896103896103,13.083116883116883,42.58701298701299,10.066292068221431,716.7037617840928,0.2264391332814322
high_exposure_receiver,770,29.572727272727274,9.641558441558441,39.214285714285715,29.831958877317057,178.30846293665425,0.26212989649352714
